Month,Division,PEMT Transports,Average Transport Charge,Direct Cost Per Transport,Total Operational Cost,PEMT Supplemental Revenue,Average Dispatch Delay (sec),Chute Time Duration (min),Direct Transport Time (min),Scene Care Time (min)
July 2024,East Division,217,958,650,141050,57277,39,1.7,12.3,16.4
July 2024,East Division,205,906,616,126280,38965,34,1.9,12.5,19.1
July 2024,North Division,184,908,496,91264,56151,52,2.2,16.9,17
July 2024,South Division,134,719,492,65928,21312,58,2,19.1,18.8
July 2024,South Division,122,804,485,59170,27427,60,2,16.9,15.9
July 2024,West Division,73,889,728,53144,13811,78,1.7,25.7,13.2
August 2024,East Division,203,926,633,128499,46002,35,1.7,11.5,20.8
August 2024,East Division,193,947,573,110589,47493,46,1.6,11.9,19.4
August 2024,North Division,166,915,582,96612,46503,46,1.8,11.8,19
August 2024,North Division,165,823,551,90915,35345,39,1.6,14.9,16.9
August 2024,South Division,116,754,458,53128,26418,55,2.6,15.3,16.7
September 2024,East Division,121,903,627,75867,30001,45,1.4,11.8,21.8
September 2024,East Division,156,846,562,87672,37694,33,1.3,10.5,18
September 2024,East Division,150,958,616,92400,31786,31,1.6,12.5,19.6
September 2024,North Division,107,928,499,53393,31149,40,2,14.1,19.6
September 2024,North Division,104,934,590,61360,25632,47,1.5,14.9,19.7
September 2024,South Division,72,771,454,32688,12277,49,1.7,16,16.8
September 2024,South Division,82,750,500,41000,19022,41,1.7,13.1,17
September 2024,West Division,69,978,667,46023,20409,49,2.4,23.6,14
October 2024,South Division,67,791,509,34103,13253,60,1.7,18.6,15.6
October 2024,South Division,91,784,513,46683,21969,56,2.3,16.1,14.2
October 2024,West Division,58,962,635,36830,16826,81,2.9,20.2,16.7
November 2024,Metro Central,275,1064,637,175175,81643,36,1.4,9.3,23.3
November 2024,South Division,84,711,492,41328,17771,49,1.8,16.6,15.7
November 2024,South Division,90,736,434,39060,19101,43,1.5,14.5,17.6
November 2024,South Division,73,773,427,31171,13431,48,2.5,13.2,18.2
November 2024,West Division,63,878,726,45738,10490,58,2.2,24.3,16.4
December 2024,Metro Central,449,1151,723,324627,133536,31,1.2,9.6,22.7
December 2024,Metro Central,395,1064,684,270180,128746,30,1.4,8.5,20
December 2024,North Division,158,819,502,79316,39455,39,2.3,13.7,15.6
December 2024,North Division,137,824,572,78364,25461,37,2.2,14.7,20.3
December 2024,South Division,117,749,504,58968,18722,58,2.3,14.7,15.1
January 2025,East Division,197,987,586,115442,46995,36,1.9,10.7,21.1
January 2025,Metro Central,376,1128,696,261696,105943,37,1.3,7.4,19.2
January 2025,West Division,96,1039,654,62784,22548,60,2.9,21.9,16.7
January 2025,West Division,81,967,629,50949,24386,64,2,23.8,13.1
January 2025,West Division,75,1015,692,51900,17928,69,2.6,23.6,15.2
February 2025,East Division,142,892,629,89318,27025,43,1.6,9.3,20.8
February 2025,Metro Central,256,1142,746,190976,83609,25,1.3,9.5,22.4
February 2025,North Division,87,833,610,53070,20551,51,1.6,12.7,17.7
February 2025,North Division,96,928,495,47520,20559,42,1.8,12.8,16.8
February 2025,North Division,92,782,491,45172,21403,49,1.3,16.3,16.5
February 2025,South Division,88,744,429,37752,18966,44,1.9,18.7,15.4
February 2025,South Division,103,729,475,48925,19574,44,2.7,15.9,17.9
February 2025,West Division,62,982,776,48112,15774,60,3,26.6,15.3
March 2025,Metro Central,341,1195,639,217899,96149,23,1.6,8.5,19.3
March 2025,North Division,97,934,547,53059,22253,52,2.2,12.5,20.3
April 2025,East Division,125,882,650,81250,28429,36,1.5,11.2,17.8
April 2025,Metro Central,233,1084,621,144693,83782,26,0.9,8.5,22.7
April 2025,Metro Central,313,1043,638,199694,83793,23,1.4,8.7,23.9
April 2025,North Division,97,874,505,48985,19007,51,2,13,19.9
May 2025,Metro Central,262,999,724,189688,70344,34,1.4,9,23.9
May 2025,Metro Central,215,1005,695,149425,49378,28,1.5,7.7,25
May 2025,Metro Central,261,1126,748,195228,81164,35,1.1,9.4,22.9
May 2025,Metro Central,244,1001,716,174704,68039,28,1.3,9.7,25.4
May 2025,South Division,90,722,508,45720,18318,50,2,17.5,15
May 2025,West Division,54,862,753,40662,12129,56,1.8,20.6,13.2
May 2025,West Division,46,872,640,29440,11984,52,2.5,21.2,15.5
May 2025,West Division,53,975,781,41393,10553,76,2.9,19.9,14.1
June 2025,North Division,113,779,562,63506,21494,50,1.7,16.8,17.2
July 2025,East Division,199,977,610,121390,53345,39,1.7,12.5,17.2
July 2025,East Division,164,973,631,103484,45884,35,1.7,9.9,17.7
July 2025,East Division,193,891,587,113291,47130,42,1.1,10.2,20.3
July 2025,East Division,200,901,588,117600,53196,47,1.9,9.6,20
July 2025,Metro Central,353,1202,706,249218,128921,25,1.3,9.4,24.6
July 2025,North Division,155,873,602,93310,39940,46,2.1,12.5,18.2
July 2025,South Division,141,762,531,74871,23219,62,2.6,18,14.3
August 2025,North Division,160,915,531,84960,40084,41,2.2,12.9,20.1
August 2025,South Division,110,703,473,52030,16957,63,1.6,16.6,17.7
September 2025,East Division,125,852,583,72875,28966,29,1.2,9,18.2
September 2025,East Division,158,916,629,99382,42957,39,1.5,11.1,20.8
September 2025,South Division,81,731,486,39366,12723,58,1.5,15.5,17.8
September 2025,South Division,80,791,519,41520,17133,58,1.8,15.5,16.4
September 2025,South Division,71,773,426,30246,17388,63,2,18.4,14.2
October 2025,North Division,111,885,496,55056,28314,50,1.5,15.9,20.7
October 2025,North Division,96,848,539,51744,20911,36,1.9,17.1,20.6
October 2025,West Division,60,1027,697,41820,18742,56,2.9,27.7,15.9
October 2025,West Division,54,986,667,36018,15550,81,2.1,25.5,14.1
November 2025,Metro Central,250,1092,657,164250,78257,24,1.4,8.4,23.8
November 2025,North Division,121,808,612,74052,24423,45,1.8,17.3,19.9
November 2025,North Division,142,826,585,83070,24295,42,1.3,13.9,17.4
November 2025,North Division,137,864,588,80556,32895,35,1.6,14.8,16.3
December 2025,North Division,199,892,571,113629,54432,34,1.6,14.8,19.9
December 2025,West Division,90,929,690,62100,21966,60,2,20.7,14.9
January 2026,Metro Central,369,1199,632,233208,113991,28,0.9,7.3,19.7
January 2026,North Division,183,809,580,106140,39835,45,1.8,12.8,19.6
February 2026,West Division,60,976,738,44280,16803,51,3.1,27.8,17
March 2026,Metro Central,351,1208,657,230607,138011,31,0.9,8.9,25.2
March 2026,Metro Central,241,995,744,179304,51520,33,1.2,7.8,20.9
March 2026,South Division,86,718,512,44032,15518,62,1.5,13.3,15.1
March 2026,South Division,96,796,487,46752,22897,63,2.4,18,17.5
April 2026,North Division,118,788,554,65372,21905,50,2.1,15.9,19.5
May 2026,Metro Central,277,1029,635,175895,69423,24,1.5,9.2,25.3
May 2026,South Division,93,830,490,45570,23696,45,1.6,17.8,16.9
June 2026,Metro Central,335,1122,644,215740,99823,27,1.3,9.4,24.1
June 2026,Metro Central,241,1176,758,182678,60748,25,1,9.1,20
June 2026,Metro Central,262,1072,726,190212,80034,32,1.1,10,25.3
June 2026,North Division,105,890,501,52605,29899,49,1.3,15.5,15.6
June 2026,South Division,84,821,504,42336,16015,63,1.8,17.3,14.6
June 2026,West Division,70,1017,734,51380,17626,76,2.4,26.1,16.2